,UCP2,EPB41L3,PPA1,ENPP2,MMD,SLC31A2,ENPP4,EDIL3,TLR4,RBM42,KHSRP,NR2E1,GTF2F1,DOT1L,NCLN,LAMA5,CDK6,C19orf22,CHERP,GANAB,ARAP2,UPF1,DLC1,HSPBP1,DMWD,JUND,PLEKHA4,LRRC16A,KLHL25,CC2D1A,ZNF146,VPS16,FGFR3,TYK2,LRP5,SLC6A9,SLC6A11,MYST2,MLEC,SEZ6L,SLC12A4,SCG3,QTRT1,MYO9B,PRPF31,POMT2,MEOX2,PEPD,UNC45A,TCF3,CDH4,MCC,SIPA1L1,BLM,ACSS3,LMO2,EYA2,PTBP1,KLHL4,NPEPL1,CREB5,CAMK2B,SOX2,ARNTL,AP3D1,RGS12,ADAM19,RBCK1,POFUT1,VAV3,C19orf6,CD97,GRIK5,NOS2,MEGF8,ARAP3,CD151,IRS2,LHFP,RGS6,SEMA6A,SOCS2,ACSBG1,BTBD2,TSPAN3,GLG1,SLC4A4,SCAMP4,HDAC2,NRXN2,WASF1,DPYSL4,SCN3A,ZEB2,BCAS1,MAPT,FAM125B,CHD7,ERBB3,EPHB1,RUFY3,C6orf134,HN1,C1QL1,TTC3,GPR17,PODXL2,CSNK1E,SOX11,MLLT11,GNG4,FXYD6,MTSS1,OLIG2,KIF21B,DCX,RAP2A,MARCKS,DBN1,CLASP2,PFN2,STMN1,MAP2,SOX10,AMOTL2,ALCAM,LPPR1,SOX4,NCAM1,CRMP1,MARCKSL1
C-GBM,1.8779,1.301,1.9504,2.7651,2.3835,1.935,1.8055,1.49,1.9499,1.985,1.8331,2.5676,2.6546,1.5888,1.301,1.301,1.941,2.2251,1.301,1.301,1.8407,1.8561,2.1235,2.4722,1.301,1.8401,1.6304,1.301,1.3284,1.5132,1.433,1.301,1.4942,1.9069,1.301,1.8949,2.2066,2.2188,1.301,2.1906,1.7716,2.1,1.9345,2.2819,1.301,2.2408,2.0473,1.7782,2.1764,1.301,2.0261,2.9859,2.3953,1.9294,1.6405,2.7229,2.4234,2.7345,1.8954,1.301,1.9523,1.5966,1.4456,2.7167,1.7459,1.301,1.301,2.3426,1.9859,2.159,2.8442,1.5729,1.9445,2.0652,1.5922,1.7767,1.6263,1.8871,1.301,1.8376,1.716,1.3784,2.7979,1.301,1.4346,1.9934,1.5855,1.798,1.9036,3.5109,1.9025,1.7723,1.8627,1.4216,2.2087,2.4548,2.1948,2.5984,2.0531,2.0228,3.265,1.6107,1.7076,2.0715,1.301,1.301,1.301,1.301,1.7101,2.2156,2.3974,1.7093,1.301,1.8209,1.4609,1.5999,1.5105,2.9179,3.273,1.4742,1.6335,2.209,1.9741,2.1239,2.2052,1.301,1.7543,2.6719,2.5744,2.8503,1.7903
C-GBM,2.651,2.2902,2.4366,2.4275,2.8187,2.2285,2.1744,2.1065,2.0915,2.1374,2.1857,2.0177,2.1898,1.8614,1.3944,1.5444,1.3247,2.1717,1.301,2.3043,2.5842,2.1024,2.1248,2.1721,3.16,2.0653,1.5329,2.0648,2.6911,2.076,2.4152,2.2234,1.6557,1.774,1.301,2.2172,2.2995,2.2708,1.301,1.301,2.4956,2.3116,2.7207,2.4485,2.0878,2.5827,1.301,2.1362,3.2681,1.301,2.1295,3.2904,2.5737,1.9812,1.6778,2.6005,2.7491,3.0365,1.8791,2.219,2.2328,2.0083,1.5329,2.4079,2.2781,1.301,2.3597,2.4271,2.1078,2.3612,3.0427,1.3432,1.7544,2.5985,1.8559,1.9328,1.8081,1.9523,2.3003,2.8262,1.6468,1.8422,2.9455,1.9295,2.6256,2.2885,2.0122,2.0442,2.1042,3.5108,1.9039,1.8255,1.9214,2.038,2.1047,2.5449,2.3734,2.607,2.308,2.4936,3.3676,1.7918,1.301,3.3058,1.8045,1.9433,1.942,2.7543,1.9883,1.5557,3.3923,1.9924,2.212,2.0122,1.9924,2.1561,1.7349,3.0544,3.4487,1.301,1.301,1.4908,2.1333,1.301,2.1295,1.8229,2.0765,2.4583,2.0721,1.9234,2.2502
C-GBM,2.2211,2.3023,3.0451,2.4381,2.4627,1.9712,2.289,1.4363,2.0414,2.2328,2.0021,2.3908,2.3283,2.0743,2.1606,1.301,1.8831,2.55,1.5273,1.4803,1.8178,1.3487,2.3511,2.8062,2.205,1.8491,1.8956,1.3532,2.7031,1.301,1.8607,2.5214,1.46,1.8254,1.301,1.9247,2.1908,2.0269,1.9582,1.8939,1.9779,2.3749,2.3637,2.2897,1.301,2.3915,1.3305,1.8264,2.6519,1.3502,1.9429,3.0265,2.578,1.8909,1.5409,2.7703,2.6819,2.8888,1.8571,1.301,2.2535,1.5504,1.8765,2.8373,1.7713,2.183,1.4007,2.1672,2.0365,2.2149,2.8398,1.7858,1.7992,2.3797,2.5014,2.0107,1.3873,1.9512,1.7836,2.1408,2.0799,1.6779,2.8793,1.3382,2.0453,2.2809,1.6354,2.3315,2.3496,3.5462,1.9863,2.3164,1.7337,2.409,2.0322,2.4215,2.205,2.5337,2.0235,2.3699,3.1831,2.3061,2.0655,2.9887,2.0411,1.622,1.7398,1.301,1.6594,2.0498,2.9064,2.1425,1.301,2.0139,2.1091,1.301,2.5314,2.8265,3.3278,1.6034,2.1372,2.3508,2.1511,2.417,2.3526,1.301,1.9968,2.7281,2.5713,2.9195,2.255
C-GBM,2.1688,2.1251,2.9937,2.2536,2.6757,2.1205,2.4649,1.4841,1.9781,2.3643,1.9414,2.268,2.1878,2.0546,2.2504,1.6357,1.8966,2.2,1.8207,1.9964,1.5173,1.3087,2.3352,2.9788,1.6205,2.0338,2.1002,1.301,2.3123,1.5221,2.1759,2.3446,1.6468,2.0065,1.3931,1.9113,2.2058,2.0645,1.4154,1.7641,2.0323,2.4916,2.5751,2.2443,1.3765,2.5667,1.4997,1.8757,2.6571,1.301,2.2264,3.0237,2.5819,1.9437,1.6933,2.5856,2.5648,2.9173,1.9798,1.301,2.4031,1.8164,2.0427,2.8607,1.802,1.301,1.301,2.2594,2.0297,2.2488,2.8167,1.301,1.6901,2.5702,2.1122,1.7845,1.8941,1.9952,1.301,2.3513,1.8183,1.7347,2.8235,1.9669,1.6513,2.3877,1.9665,2.3187,2.3894,3.6699,2.0578,2.469,1.8439,2.2859,2.1583,2.5283,2.3053,2.437,2.4125,2.4511,3.1263,2.3231,1.3714,2.9786,1.8262,1.5615,1.9196,1.4395,1.7347,1.7641,2.5707,2.3173,1.301,2.1759,2.1365,1.301,2.6753,2.9571,3.3759,1.301,2.2375,2.1946,2.0878,1.3832,2.2558,1.301,1.9786,2.654,2.2276,2.4878,2.2625
C-GBM,2.5758,1.706,2.5136,2.9066,2.5784,2.2002,2.3675,1.9591,1.8975,1.9562,2.2755,2.0717,2.0216,2.0987,1.301,1.3054,1.4559,1.8768,1.301,2.2493,2.4102,2.0872,2.0994,2.3158,2.9362,1.9744,1.3817,2.2528,2.0657,1.5057,1.9532,2.1872,1.5377,2.1695,1.301,1.7523,2.2036,2.3504,1.301,1.522,2.4433,2.1796,2.7173,2.4372,1.6361,2.4827,1.6065,2.1029,3.1295,1.301,2.0157,3.1535,2.5407,2.0901,1.7231,2.5689,2.6279,2.9129,1.8095,1.9707,1.9937,1.5578,1.7585,2.2684,2.047,1.301,2.4565,2.5322,2.0422,2.2543,3.1291,1.3472,1.6402,2.6829,1.4682,2.0182,1.7231,1.7412,2.3359,2.6488,1.7007,1.301,2.6768,1.522,2.5079,2.1091,2.233,1.6299,2.0664,3.6376,2.2755,1.6502,1.7363,1.6696,2.0131,2.3408,2.1883,2.338,2.058,2.4108,3.2234,2.0915,1.301,3.1168,1.6151,1.6361,1.5839,2.6524,1.8964,1.5166,3.2186,1.9108,1.7631,2.085,1.893,2.0009,1.9581,3.0034,3.3974,1.301,1.5139,1.8649,1.8685,1.301,2.0747,1.3629,1.6882,2.5597,2.1511,2.0406,2.4036
C-GBM,2.2895,3.0499,2.916,2.4182,2.2479,1.9798,2.0444,1.5476,2.1027,2.1981,2.0065,2.3271,2.2853,2.2264,2.3511,1.8236,1.7023,2.6137,1.5527,1.7207,1.301,1.301,2.2708,2.5978,1.301,1.7425,1.8063,1.4858,2.7416,1.5102,2.1688,1.8229,1.6519,2.0751,1.3811,1.6802,2.2749,1.9,2.4112,1.7912,2.3187,2.2948,2.3079,2.3958,1.301,2.3296,1.301,1.9112,2.4785,2.1195,1.8994,3.066,2.5918,1.6745,1.7014,3.1561,2.6336,2.9607,1.7771,1.301,2.0213,1.301,1.301,2.6535,1.5961,1.7602,1.4291,2.5009,1.914,2.1944,2.8435,2.102,1.8977,2.5268,2.0015,2.0864,1.301,2.0082,1.301,2.1535,2.0386,1.4858,2.7707,1.301,1.8948,2.1964,1.8802,1.8879,2.0952,3.6365,2.0336,2.3307,1.8784,2.2248,1.8236,2.3685,2.141,2.4515,2.1045,2.0955,3.1449,2.2197,2.2106,2.8946,1.797,1.7718,1.301,1.4423,1.7883,2.1307,2.7983,2.1586,1.4257,2.0604,1.9365,1.301,1.9751,2.9421,3.3929,2.4794,1.4798,2.2775,1.9397,2.9523,2.2737,1.6658,1.8843,2.6988,2.4182,3.1023,2.2659
C-GBM,2.1188,2.8351,2.8867,2.364,2.6431,1.9845,2.237,1.4046,2.1692,2.3605,1.8914,1.9472,1.8974,2.2346,2.4453,1.301,1.6935,2.8259,1.5299,2.4666,2.1772,1.3462,2.4955,2.5983,2.0073,2.0185,1.934,1.301,2.6627,1.5708,1.9288,1.4735,1.4404,1.9625,1.301,2.0549,2.2862,2.1459,2.0328,1.779,2.024,2.243,2.4789,2.2811,1.6593,2.371,1.301,1.9852,2.311,1.301,2.302,2.9715,2.5836,1.7583,1.7321,3.0484,2.6915,2.8845,2.2074,1.3163,2.1548,1.7302,2.251,2.7429,1.6057,1.6907,1.301,2.3777,1.9521,2.2385,2.7451,2.0534,1.9588,2.7277,2.2115,1.8413,1.5807,2.0476,1.301,2.4681,1.7535,1.7929,2.853,1.6942,1.5886,2.3326,2.0492,2.0764,2.3602,3.5639,1.9673,2.4797,1.8673,2.3215,2.1423,2.6051,2.3861,2.5422,2.1997,2.2885,3.172,2.0933,1.9852,3.2048,2.1861,2.1667,1.5021,1.301,1.8198,2.0328,3.4951,1.9437,1.301,2.044,1.7835,1.7352,2.7361,3.0393,3.3563,2.2175,1.5616,2.2115,1.5816,2.0971,2.1821,1.301,1.6731,2.7358,2.7065,2.4677,2.1289
C-GBM,2.1547,2.8746,2.7438,2.5739,2.6606,1.9813,1.8752,1.479,2.2385,2.4131,1.9622,2.0453,1.9479,2.1275,2.1656,1.5412,1.8901,2.6581,1.301,1.301,1.426,1.301,2.2841,2.4339,1.301,1.9349,1.9211,1.301,2.51,1.8527,2.249,1.7023,1.5957,1.795,1.301,1.4591,2.1581,1.9068,1.9118,2.007,1.8412,2.4099,2.2293,2.6349,1.301,2.2058,1.301,1.9118,2.4319,1.301,1.8026,2.8333,2.5297,1.9375,1.5957,3.1539,2.4373,2.8235,2.3522,1.301,1.9442,1.5547,1.301,2.7684,1.5557,1.7152,1.301,2.4311,1.8173,2.1694,2.756,1.9982,1.6706,2.619,1.9681,2.1007,1.301,2.1217,1.301,2.2137,1.9771,1.6722,2.809,1.301,1.6279,2.2881,2.026,2.0703,2.0246,3.4424,1.9281,2.4024,1.7944,2.2046,2.1164,2.5904,2.257,2.6229,2.1862,2.1811,3.2333,1.91,2.1802,2.951,1.9626,1.5316,1.6373,1.301,1.8043,2.6535,3.0498,1.8145,1.301,2.065,1.7788,1.8863,2.2692,2.9751,3.2742,2.4229,1.4704,2.1888,1.8396,2.6071,2.2436,1.301,1.9375,2.8396,2.6586,2.756,2.194
C-GBM,2.2329,1.8457,3.071,2.5213,2.5282,2.0556,2.1044,1.5016,2.0721,2.274,2.1819,2.4188,2.4297,2.1724,2.2881,1.5257,1.8487,2.5087,1.6308,1.7565,1.4304,1.301,2.3963,2.8119,2.2427,2.0473,1.8965,1.5045,2.1878,1.7802,2.3046,1.6046,1.511,1.9986,1.301,1.7274,2.2987,2.1851,1.7543,1.9733,1.8828,2.278,2.6851,2.0635,1.4337,2.4931,1.5978,1.9897,2.4542,1.301,2.247,2.8698,2.6577,2.1219,1.7527,2.7878,2.5302,2.7675,2.1248,1.301,2.2234,1.7336,2.0344,2.6517,1.8483,1.979,1.301,2.3548,1.9478,2.1998,2.9292,1.301,1.9691,2.481,1.8622,1.8785,1.6364,2.015,1.858,2.3856,1.8387,1.7659,2.8122,1.4326,1.6157,2.3887,2.1461,1.8961,2.2478,3.5275,2.031,2.427,1.8757,2.1973,2.2876,2.5967,2.3528,2.5043,2.3232,2.2297,3.1768,2.242,1.301,3.1178,2.0799,1.6515,1.5636,1.301,1.7397,2.1096,3.1458,1.7842,1.301,2.0977,1.8378,1.84,2.4584,3.0474,3.283,1.301,1.8745,2.2279,2.1441,2.5528,2.1411,1.3423,1.9599,2.7954,2.5829,2.8184,2.3058
C-GBM,2.454,1.8592,3.0837,2.4039,2.8888,2.0989,2.2527,1.6796,2.0401,2.3826,1.9491,1.8239,1.8691,1.8022,2.1835,1.5395,2.2117,2.2848,1.301,1.6163,2.2996,1.9239,2.4108,3.1729,2.5429,2.0309,1.7134,1.301,1.301,1.4124,2.4407,2.5617,1.6937,2.0262,1.301,2.118,2.2885,2.2187,1.301,1.443,2.0162,2.4895,2.4564,2.2677,1.428,2.48,1.4895,2.0743,2.6537,1.301,2.354,2.9608,2.8009,2.2041,1.6097,2.5905,2.7994,2.981,2.1011,1.301,2.2343,1.8366,1.6097,2.4433,1.7957,1.5329,1.3757,2.5475,2.2257,2.468,2.9288,1.301,1.7382,2.5781,2.4963,2.1184,1.301,2.1615,2.0193,2.1655,2.1609,1.5097,3.0743,1.6825,2.233,2.245,2.1187,2.1523,2.5503,3.5706,1.8948,2.2061,1.7884,2.2996,2.4019,2.7281,2.5599,2.8389,2.3824,2.3734,3.108,2.419,1.301,2.3734,2.0495,1.301,1.301,1.625,1.8379,1.6768,2.9816,2.0927,1.301,2.3005,1.8842,1.301,2.7266,3.143,3.394,1.301,1.7906,2.1696,2.2372,1.301,2.2871,1.301,2.3361,2.8786,2.7923,1.6357,2.1513
C-GBM,2.1062,2.1523,3.095,2.4971,2.7147,1.8194,2.3186,1.301,2.1372,2.3763,2.0075,2.361,2.3674,2.033,2.1725,1.6722,2.2563,2.601,1.6355,2.2471,2.1812,1.301,2.3717,2.6501,1.301,2.0064,1.8318,1.301,2.2793,1.5607,2.9537,2.1599,1.5916,1.7382,1.301,2.0826,2.2426,2.1999,1.6802,1.8394,1.9586,2.2857,2.3832,2.0773,1.301,2.3536,1.5513,1.9676,2.3869,1.301,2.2961,2.9139,2.5927,1.6634,1.5492,2.7143,2.6725,2.8393,2.2257,1.301,2.2445,1.7235,1.7284,2.7837,1.3284,1.301,1.301,2.2391,1.8735,2.0337,2.5874,1.301,1.917,2.5666,2.3754,2.0453,1.301,1.987,1.301,2.4703,1.8131,1.301,2.7731,1.301,1.7844,2.2857,2.0795,2.0976,2.3551,3.5451,1.9599,2.2942,1.7443,2.2929,2.4242,2.6209,2.4186,2.6319,2.3823,2.197,3.2211,2.2952,1.8031,3.162,1.9465,2.0735,1.7031,1.301,1.6576,1.7429,3.4573,2.2301,1.301,2.1003,1.7635,2.0665,2.5783,2.96,3.2894,1.301,2.05,2.1854,2.0075,1.7984,2.2679,1.301,2.1704,2.738,2.6936,2.2359,2.1581
C-GBM,2.1577,1.7951,3.1229,2.2318,2.5148,1.8087,2.1995,1.6616,2.0621,2.3145,2.3759,2.445,2.4881,2.0286,2.5363,1.301,1.6626,2.4275,1.301,1.8273,1.477,1.8233,2.2431,2.8522,1.301,2.1631,1.5105,1.301,2.491,1.6675,2.1662,2.2139,1.4569,1.5455,1.8373,2.0311,2.3268,2.1799,1.3202,1.8198,1.8692,2.1125,2.8241,2.3234,1.301,2.4113,1.8185,2.0529,2.4636,1.301,1.9763,2.7205,2.531,1.9909,1.6424,2.6952,2.537,2.7073,2.0103,1.301,2.3029,1.8722,2.1157,2.6245,1.301,1.4647,1.301,2.3744,1.7951,2.0652,2.6119,1.301,1.914,2.4349,2.1485,2.0041,1.5216,2.0424,1.3047,2.3249,1.7207,1.7987,2.6252,1.765,1.7603,2.3497,1.8066,2.013,2.361,3.559,1.8734,2.3861,1.9867,1.5582,2.392,2.4253,2.2995,2.5254,2.4304,2.1495,3.03,2.1062,1.301,2.9569,1.7696,1.8087,1.6012,1.301,1.8478,1.5531,2.9247,1.832,1.6113,1.9709,1.6743,1.7284,2.3653,3.0952,3.3062,1.301,1.8783,1.6157,1.9853,1.3393,2.2324,1.4047,1.8617,2.7542,2.668,2.9127,2.1185
C-GBM,2.2207,2.1523,3.1728,2.3525,2.6312,2.019,2.2028,1.6034,2.2342,2.4126,2.3755,2.2046,2.3558,2.3928,2.1969,2.5381,1.9051,2.7462,1.5547,2.5877,1.9051,1.6201,2.3579,2.6677,2.3738,1.7468,1.8107,1.301,2.1837,1.7047,2.5015,2.2975,1.5533,1.9975,1.301,2.098,2.3079,2.3216,1.7076,2.0264,1.9891,2.2764,2.4475,2.1904,1.4983,2.3916,2.1564,2.0345,2.5739,1.301,2.1133,2.825,2.7138,1.8808,1.8255,2.7515,2.6022,2.9261,2.2558,1.301,2.1714,1.8219,2.1695,2.6751,1.8903,1.5134,1.301,2.4925,1.8461,2.0318,2.7973,1.301,1.8915,2.5894,1.8016,2.0014,1.3418,2.1485,1.301,2.625,1.693,1.8398,2.7828,1.7235,1.9292,2.2452,2.1468,2.0465,2.34,3.4748,2.1384,2.5125,1.7993,2.0695,2.3493,2.5805,2.3244,2.4662,2.1395,2.2224,3.3203,2.153,1.301,3.0771,2.1454,2.1345,1.301,1.4457,1.855,2.1084,3.5681,1.9298,1.6046,2.0874,2.2121,1.9188,2.4176,3.1065,3.3949,1.301,1.738,2.2446,1.9607,1.717,2.0691,1.9896,2.1327,2.953,2.6878,2.8333,2.1601
C-GBM,2.5113,2.474,2.818,2.2502,2.4818,2.0351,1.9342,1.7366,2.1322,2.2612,1.8638,2.1546,2.2037,2.0357,1.3819,1.8317,1.7071,2.4179,1.5039,1.9598,1.5676,1.7868,2.1415,2.9214,2.5301,2.0123,1.7275,1.301,2.8512,2.0454,2.161,2.3071,1.6332,2.2077,1.301,1.7392,2.2107,1.9861,1.301,2.0019,2.2142,2.1639,2.6886,2.0884,1.579,2.4757,1.301,1.6725,2.7727,1.301,1.9559,3.1091,2.6935,2.1687,1.8991,2.8397,2.42,2.7618,1.8038,1.301,2.2696,1.442,1.301,2.5309,1.9795,1.3608,1.9,2.4671,2.0579,2.3988,2.8371,1.301,1.8328,2.6982,2.0855,2.1639,1.8027,2.0826,1.9157,2.4769,1.952,2.0567,2.8989,1.3819,2.0707,2.1087,1.7798,1.8541,2.1446,3.5161,2.1042,2.1136,1.9667,2.2265,2.2426,2.6493,2.2951,2.3986,2.1163,2.3765,3.2482,2.2129,1.301,3.1579,1.5126,1.7392,1.4184,2.0272,1.858,2.0622,3.2428,1.6829,1.599,2.221,1.7902,1.4994,2.0665,2.6425,3.3569,1.301,1.3877,2.1754,2.1921,1.312,2.234,1.818,2.0396,2.6563,2.4441,1.9659,2.0517
C-GBM-O,1.8506,1.9196,2.6165,2.7092,1.871,1.7731,1.882,1.301,1.6444,1.7356,1.7143,1.7076,1.6355,1.301,1.301,1.301,1.4814,1.6444,1.301,1.9395,1.7267,1.6875,1.8169,2.2723,1.8235,1.5079,1.3838,1.301,1.4914,1.301,1.5145,1.9274,1.301,1.8698,1.4166,1.8825,1.8585,1.9841,1.3324,1.6117,1.5635,1.301,2.5325,1.6365,1.7364,1.8745,1.7634,1.6212,2.0512,1.301,1.5416,2.4964,2.2507,1.8142,1.5441,2.0903,2.1248,2.4275,1.4594,1.301,1.6684,1.301,1.301,2.2405,1.301,1.301,1.301,2.2613,1.6454,1.7419,2.3688,1.301,1.3404,1.5211,1.301,1.7938,1.301,1.6884,1.301,2.181,1.4928,1.3598,2.3965,1.3263,1.7427,2.012,1.8222,1.683,1.4814,3.2084,1.5527,1.8513,1.5682,1.301,1.5922,1.9258,2.0004,1.8865,1.7774,1.617,2.6687,1.3324,1.301,1.5599,1.574,1.301,1.9445,1.301,1.5717,1.3856,2.4382,1.534,1.7931,1.705,1.301,1.6637,2.1708,2.7302,3.0961,1.301,1.301,1.7832,1.5145,1.301,1.8531,1.301,1.993,1.8116,1.776,1.6435,1.7193
C-GBM-O,1.8333,2.0002,2.6297,1.9428,2.3373,1.8167,1.9185,1.301,2.0941,2.1804,1.7268,1.9503,2.0092,1.9002,2.3057,1.5114,1.6495,2.6896,1.4497,1.301,1.301,1.301,2.3081,2.3417,1.9339,1.6505,1.7891,1.301,2.3263,1.301,2.4865,1.8572,1.6812,1.5238,1.301,1.4372,2.1121,1.9554,1.859,1.5295,1.9904,2.1222,2.0229,1.9081,1.301,2.1565,1.301,1.8023,2.2714,1.301,2.0891,2.7363,2.291,1.7508,1.5495,2.8613,2.3887,2.6905,2.2596,1.301,2.0706,1.6187,1.301,2.6149,1.3596,1.4832,1.301,2.1792,1.5851,1.8526,2.4884,1.6351,1.6749,2.3246,2.1896,1.3244,1.3818,1.8427,1.301,2.1737,1.5805,1.6164,2.5555,1.4098,1.7808,2.032,2.1325,2.0279,1.884,3.2845,1.6369,2.1596,1.5562,1.9992,2.1675,2.413,2.2676,2.4563,1.8312,1.8906,3.1102,1.6634,1.448,2.942,2.0013,1.301,1.301,1.3029,1.5172,1.878,2.941,1.8655,1.301,1.9306,1.6266,1.7403,2.3073,2.7768,3.1846,1.4273,1.804,2.0184,1.7411,2.3015,1.9044,1.301,1.3191,2.3965,2.3255,2.728,1.7021
C-GBM-O,2.3551,1.6967,2.617,2.1132,1.9358,1.8749,1.9137,1.5673,1.7564,1.7912,2.0289,1.7655,1.7363,1.7558,1.5508,1.4115,1.301,1.8348,1.301,2.2747,2.1097,1.5992,1.9263,1.9533,2.6302,1.5419,1.5358,1.9622,2.2898,1.5813,1.4873,1.7849,1.4529,2.1234,1.301,1.9644,1.8781,1.9622,1.301,1.6207,2.0061,1.9863,2.5518,2.1361,1.485,2.2474,1.301,1.572,2.8248,1.301,1.5479,2.8939,2.2662,1.8312,1.6097,2.1995,2.4088,2.6958,1.4907,1.4615,1.8905,1.4827,1.301,2.0851,1.5663,1.301,2.1585,2.187,1.7595,2.0345,2.7198,1.3263,1.301,2.615,1.301,1.8389,1.301,1.614,2.0877,2.4961,1.6404,1.6896,2.5628,1.485,2.0984,1.9768,1.301,1.5389,1.9984,3.3076,1.7465,1.6339,1.601,1.3835,1.4963,2.1215,1.804,1.8548,1.6199,2.0608,2.8613,1.7929,1.301,2.8884,1.301,1.6404,1.3907,2.3429,1.6974,1.3078,2.8227,1.4209,1.5885,1.6436,1.8758,1.6939,1.7414,2.6465,3.1237,1.301,1.301,1.7564,1.9652,1.301,1.8265,1.301,1.8007,2.3476,1.6491,1.8989,2.2154
C-GBM-O,2.0417,2.1148,2.8629,2.2769,1.8194,1.6983,2.0282,1.374,1.678,1.9543,1.8103,2.2212,2.142,1.843,1.9946,2.3222,1.5293,2.0311,1.301,1.6907,1.76,1.301,2.0472,2.4463,1.301,1.6359,1.6088,1.594,2.009,1.5307,1.6024,2.0453,1.301,1.8345,1.301,1.8379,1.911,1.9687,1.5355,1.5063,1.9052,1.906,2.2152,1.9941,1.301,2.2349,1.588,1.6276,2.2814,1.301,1.591,2.6716,2.271,1.8033,1.4067,2.4012,2.3879,2.6396,1.301,1.301,1.8681,1.4048,1.301,2.4135,1.3973,1.9989,1.4405,2.1723,1.7808,2.0092,2.6706,1.301,1.5622,2.1431,1.7999,1.7159,1.4507,1.6209,1.301,2.0777,1.9579,1.301,2.6253,1.5355,1.7372,1.9755,1.5071,1.4523,2.2225,3.3369,1.674,2.0365,1.6364,2.1062,1.5737,2.0462,2.0313,2.1271,1.6498,1.9509,2.7671,2.0942,1.375,2.8673,1.5705,1.301,1.301,1.58,1.6041,1.8048,2.652,1.653,1.301,1.9439,1.5976,1.3992,2.539,2.7213,3.0678,1.301,1.6088,1.9692,2.002,2.2665,2.0199,1.4532,1.4048,2.5331,2.2047,2.5372,1.9888
C-GBM-O,1.7152,1.5522,2.159,2.4639,2.5445,1.6405,2.3885,1.5169,1.5255,1.9278,1.5746,1.7882,1.7488,1.5297,1.8092,1.301,1.301,1.301,2.15,1.301,1.6861,1.7026,2.3469,2.8839,1.301,1.7145,1.8938,1.301,2.7508,1.8447,1.8602,1.9395,2.1877,1.4969,1.301,1.9958,2.3427,2.0866,1.301,1.9897,1.6779,1.8956,2.1419,2.6669,1.301,2.2963,1.5276,1.9045,2.6609,1.301,2.1171,2.8946,2.7473,1.301,1.5562,1.8901,2.4006,2.6321,2.0533,1.7339,2.2552,1.8201,1.3117,2.614,1.6517,1.301,1.301,2.2382,2.2403,2.5183,2.7978,1.301,1.6749,2.5089,1.301,1.8846,1.4452,1.9528,1.301,2.0639,1.7626,1.4947,2.7226,1.301,1.8699,2.1457,2.0366,1.5502,2.3824,3.3733,1.7894,1.9718,1.8508,2.1406,2.1302,2.3745,2.326,2.247,2.1904,1.8794,2.9252,2.3422,1.301,3.0014,1.3894,1.301,1.301,1.301,1.8025,1.301,2.0051,2.6894,1.301,1.8297,1.7424,1.9041,1.301,2.7799,3.1997,1.301,1.7443,2.3539,1.7557,1.5003,2.0134,1.301,1.8233,2.5833,2.1055,1.5737,2.0858
C-GBM-O,1.8401,1.6482,2.8958,2.1501,1.6192,1.6051,1.8936,1.301,1.6532,1.8895,1.8114,2.0534,1.9482,1.8114,1.7828,1.609,1.3212,1.9136,1.301,2.0825,1.301,1.3212,2.1376,2.1691,1.301,1.5133,1.5763,1.301,1.6199,1.301,1.7917,2.0676,1.4942,1.3166,1.301,1.7611,1.8236,1.8148,1.3851,1.5084,1.5897,1.879,2.262,1.7838,1.301,2.0109,1.301,1.7167,2.1741,1.301,1.8883,2.5373,2.2251,1.5363,1.3072,2.3361,2.3958,2.7004,1.301,1.301,1.6734,1.301,1.5064,2.1767,1.301,1.301,1.301,2.0763,1.4578,1.6067,2.3919,1.301,1.5669,2.3417,1.8378,1.8089,1.301,1.5738,1.345,2.1236,1.672,1.3025,2.5171,1.301,1.7435,1.8907,1.7677,1.6439,1.9361,3.3797,1.7155,1.5518,1.5509,2.0402,1.4522,1.9478,1.7791,1.9754,1.6828,1.7498,2.8273,1.8824,1.301,2.7155,1.5491,1.7999,1.8688,1.3212,1.5872,1.5554,2.9197,1.8197,1.301,1.3377,1.7216,1.4314,2.3321,2.5256,3.0023,1.301,1.6035,1.8009,1.5889,1.3151,2.0361,1.301,1.5297,2.3676,1.914,1.8104,2.0299
C-GBM-O,1.6361,1.301,2.9342,2.6116,1.867,1.961,1.6626,1.5969,1.8341,1.9909,1.9002,1.9565,2.2433,1.3076,1.6626,1.301,1.3748,1.3834,1.301,1.3698,1.5708,1.9728,1.8245,2.0637,1.9852,1.7505,1.301,1.301,1.301,1.8196,1.3465,1.9402,1.6758,1.9737,1.7557,2.073,1.8866,2.2181,1.301,1.5446,1.4734,1.6279,2.3198,1.3205,1.5275,2.145,1.6771,1.7705,2.0206,1.301,1.6087,2.5576,2.1038,1.566,1.7943,2.3171,2.1924,2.4354,1.301,1.301,1.6989,1.4744,1.3018,1.9212,1.301,1.301,1.301,2.3611,1.5802,1.7644,2.2822,1.301,1.6173,1.4583,1.301,1.6771,1.9532,1.6502,1.301,2.1762,1.5301,1.9064,2.3747,1.4106,1.301,2.0552,1.832,1.4976,1.5231,3.4974,1.301,1.887,1.7953,1.3465,1.7735,1.9148,2.0206,1.5078,1.8161,1.301,2.4976,1.301,1.301,2.4875,1.6065,1.301,2.0049,1.301,1.6953,1.301,2.2256,1.5378,1.4208,1.7179,1.301,1.301,2.0547,2.8335,3.0789,1.301,1.301,2.0315,1.4479,1.301,1.9395,1.3557,1.9144,2.0839,1.5488,1.301,1.7891
C-GBM-O,2.0342,2.1274,2.8335,1.9309,2.4305,1.8638,1.9057,1.4345,1.8761,2.0742,1.8059,1.7787,1.6848,1.8922,2.1486,1.9191,1.7676,2.4822,1.3527,1.5708,1.4656,1.301,2.1007,2.4597,1.779,1.8963,1.4635,1.301,1.9038,1.301,2.1304,1.9112,1.6087,1.6715,1.301,1.3915,2.0745,2.0732,1.737,1.4862,1.7184,2.0358,2.3009,1.9639,1.301,2.2111,1.7683,1.7767,2.185,1.301,1.8855,2.608,2.3907,1.8152,1.4756,2.545,2.3238,2.5236,2.0744,1.301,1.8591,1.512,1.6037,2.5768,1.6037,1.6269,1.301,2.2203,1.6389,2.0006,2.5037,1.9055,1.7662,2.3377,1.6702,1.7717,1.301,1.9393,1.3588,2.2266,1.5876,1.301,2.6274,1.301,2.003,2.1817,1.6343,1.7888,1.9899,3.312,1.6681,2.2192,1.6087,1.9578,2.1433,2.2964,2.0943,2.2975,1.9877,1.9258,2.9701,1.9784,1.5567,2.8633,1.8121,1.5972,1.4614,1.301,1.527,1.7025,2.9286,1.9565,1.301,1.9131,1.5922,1.7021,2.2142,2.7922,3.0239,1.7987,1.5917,1.8333,1.8451,2.1272,2.0467,1.301,1.4425,2.4828,2.4788,2.2215,1.939
C-GBM-O,1.9936,2.1187,2.8344,2.0219,2.3803,1.6589,1.7936,1.301,1.8483,1.9991,1.7687,1.6021,1.6553,1.6535,1.7186,1.301,1.695,2.4228,1.3626,1.6221,1.6922,1.365,1.996,2.537,1.9755,1.8074,1.4443,1.301,2.4515,1.301,1.804,1.8545,1.301,1.301,1.301,1.3789,2.0322,1.9331,1.301,1.4273,1.681,1.986,2.2212,2.035,1.301,2.1285,1.301,1.7394,2.1574,1.301,1.8966,2.6497,2.2949,1.5097,1.3708,2.4873,2.2942,2.6718,1.7962,1.301,1.9152,1.3281,1.5477,2.4253,1.5064,1.301,1.301,2.1366,1.5959,1.8179,2.3354,1.4453,1.7289,2.2704,1.856,1.4531,1.301,1.7349,1.301,2.0955,1.4755,1.5523,2.6987,1.301,1.812,2.0806,1.5546,1.9263,1.9786,3.2786,1.6895,2.0644,1.5882,1.6504,2.0575,2.2218,2.035,2.3035,2.0347,1.8764,2.8997,1.8548,1.301,2.8493,1.7096,1.4434,1.301,1.301,1.4801,1.4719,3.0346,1.8579,1.301,1.7555,1.6221,1.301,2.1451,2.6692,2.978,1.301,1.8095,1.8491,1.7268,1.9292,1.9629,1.523,1.7793,2.4412,2.2791,2.4615,1.8552
C-GBM-O,2.1201,1.9037,2.7569,1.7983,2.5413,1.7,1.7163,1.301,1.8628,2.0894,2.2235,1.5844,1.5432,1.8114,1.7678,1.4724,1.6569,2.5936,1.3584,1.8175,1.898,1.343,2.1544,2.2843,1.949,1.7601,1.6499,1.301,2.1503,1.307,1.6489,2.0421,1.6959,1.607,1.301,1.7891,1.8807,1.7933,1.3056,1.301,1.8031,2.1768,2.0362,1.8677,1.301,2.1517,1.301,1.6483,2.1834,1.301,2.1391,2.7111,2.2861,1.6925,1.301,2.7088,2.3887,2.6855,1.8822,1.301,1.9156,1.5606,1.551,2.4686,1.4626,1.4194,1.301,1.9464,1.9567,2.1704,2.4668,1.301,1.5715,2.3544,1.917,1.301,1.3345,1.8215,1.301,2.2387,1.7008,1.301,2.6397,1.301,1.6863,2.0027,1.623,1.9477,1.975,3.2449,1.5715,2.1301,1.5892,1.9576,2.0235,2.2493,2.1545,2.3018,2.0798,1.9741,3.0186,1.6863,1.301,2.9113,1.7787,1.4177,1.4286,1.301,1.4407,1.4144,3.3012,2.0995,1.301,1.8733,1.6881,1.4144,2.3246,2.8479,3.106,1.301,1.7756,2.0611,1.7399,1.301,1.8908,1.301,1.8508,2.466,2.2643,2.8407,2.0098
C-GBM-O,2.1394,1.6073,2.7755,1.9983,2.2258,1.7196,1.7517,1.3678,1.8819,1.8345,2.1041,1.725,1.7894,1.7189,1.4547,1.3453,1.6801,1.9024,1.4942,1.4717,1.8331,1.5638,2.1948,2.6136,2.0627,1.8802,1.6797,1.301,2.1869,1.301,1.7679,2.1075,1.301,1.7074,1.301,1.8247,2.1629,1.9088,1.301,1.473,1.7268,2.0963,2.169,1.932,1.301,2.258,1.301,1.8004,2.3261,1.301,2.0531,2.7292,2.2968,1.698,1.4083,2.4678,2.3429,2.6475,1.6907,1.301,2.0188,1.5507,1.5127,2.0673,1.5881,1.301,1.301,2.1032,1.8839,2.094,2.5014,1.301,1.631,2.2879,1.899,1.412,1.301,1.8488,1.5469,2.2504,1.6359,1.4831,2.6108,1.301,1.8659,2.1471,1.8365,2.0164,2.0947,3.2839,1.7581,2.2578,1.6923,1.8439,1.979,2.2783,2.0878,2.3332,2.0823,1.9679,2.9548,1.8761,1.301,2.8027,1.7112,1.301,1.301,1.301,1.6016,1.301,2.9171,2.0836,1.301,1.7614,1.6096,1.301,2.3849,2.8918,3.1018,1.301,1.8522,1.8854,1.8759,1.5675,1.7698,1.3743,1.976,2.5004,2.2985,2.7301,1.9305
C-GBM-O,1.8036,2.2225,2.6706,2.1774,2.5456,1.7815,1.914,1.301,1.8503,1.9621,2.0431,1.6002,1.5798,1.5623,1.884,1.6439,1.602,2.3046,1.301,1.301,1.3855,1.4516,2.0769,2.4315,1.4316,1.8051,1.4797,1.301,2.4772,1.345,1.9057,2.0928,2.125,1.5701,1.301,1.6836,2.0563,1.8029,1.301,1.5455,1.6611,2.1239,2.109,1.9045,1.301,1.86,1.301,1.7026,2.3856,1.301,2.1232,2.683,2.2027,1.6406,1.301,2.4739,2.3314,2.5197,1.9213,1.301,1.8577,1.301,1.6002,2.4933,1.5149,1.301,1.301,1.9938,1.6466,1.9253,2.3654,1.301,1.6626,2.2519,2.196,1.5708,1.301,1.7941,1.301,1.9021,1.6482,1.301,2.5232,1.301,1.4821,1.9316,1.8633,1.9003,2.1148,3.2753,1.6806,2.0451,1.6197,1.7488,2.1878,2.3447,2.2017,2.4975,1.9712,1.8465,3.056,2.167,1.301,2.8026,1.8229,1.4592,1.301,1.301,1.3642,1.301,3.1217,1.6595,1.301,2.018,1.506,1.5193,2.1295,2.6222,3.0044,1.301,1.9193,1.859,1.8236,1.9009,1.9436,1.4396,1.7277,2.3508,2.5319,2.672,1.841
C-GBM-O,2.0142,2.1722,2.6783,1.9801,2.3578,1.7045,1.9247,1.301,1.8652,1.9219,2.1379,1.7671,1.7886,1.7727,1.6566,1.89,1.7671,2.522,1.4661,1.301,1.301,1.301,2.0957,2.4618,1.8887,1.8948,1.4738,1.301,2.6446,1.3511,1.9146,1.9648,1.3374,1.6284,1.301,1.7898,2.0949,1.9735,1.3303,1.6278,1.6555,2.2243,2.3445,2.2565,1.301,2.0771,1.7701,1.7202,2.4503,1.301,1.7873,2.766,2.3965,1.301,1.3804,2.7503,2.2446,2.5724,1.8316,1.301,1.9449,1.3339,1.3655,2.5385,1.5498,1.301,1.301,2.0154,1.6071,1.9028,2.4886,1.4099,1.6898,2.4391,2.0393,1.4721,1.5088,1.9483,1.301,2.1099,1.7684,1.301,2.5078,1.301,1.3959,2.0095,1.5383,1.9721,1.9385,3.2792,1.6762,2.0352,1.431,1.9598,2.1211,2.401,2.16,2.4146,2.2571,1.9207,3.0301,1.8071,1.6735,2.806,1.5353,1.301,1.301,1.301,1.483,2.1595,2.6542,1.6783,1.301,1.8948,1.71,1.4421,2.2746,2.722,3.0588,1.301,1.757,2.1987,1.8233,2.0386,1.9149,1.301,1.9604,2.6052,2.4572,2.4608,1.9895
C-GBM-O,1.938,2.2766,2.7857,2.0612,2.2727,1.6088,2.1021,1.3835,1.8095,1.968,2.1576,2.1108,2.1094,2.0743,2.1623,1.301,1.5658,2.3657,1.301,2.0426,1.4802,1.5621,2.2029,2.3783,1.9447,1.6513,1.8079,1.301,1.9021,1.5667,1.7278,1.8385,1.4413,1.7865,1.351,1.4746,2.0042,1.9378,1.301,1.5884,1.7622,1.9618,2.5017,1.7192,1.5658,2.426,1.4264,1.8142,2.5087,1.301,1.971,2.7575,2.2616,1.6517,1.6376,2.4859,2.4956,2.7181,1.714,1.301,1.9224,1.5365,1.9549,2.5043,1.301,1.301,1.4401,2.1592,1.7584,1.9801,2.4943,1.619,1.5565,2.2937,1.8069,1.557,1.6125,1.5625,1.301,2.2367,1.4065,1.3167,2.5105,1.6054,1.5707,1.9818,1.7881,1.7447,2.0193,3.3552,1.7368,2.0888,1.716,1.6893,1.9564,2.2867,2.1261,2.1847,1.8443,2.0191,2.8476,1.9649,1.3192,2.4127,1.9019,1.8627,1.6029,1.5676,1.5345,1.4998,2.4176,1.4987,1.391,1.6137,1.5504,1.5863,2.3092,2.8249,3.0766,1.301,1.7399,1.6714,1.779,1.5616,1.9019,1.3077,1.8545,2.4428,2.128,2.3376,1.9701
NC-GBM,2.2583,2.3606,2.853,1.7415,2.4647,1.83,2.0078,1.419,1.9318,2.2672,1.8545,1.7068,1.7779,2.1269,2.1474,1.301,1.7447,2.4285,1.301,1.783,1.6805,1.3961,2.2469,2.4739,1.8797,1.8792,1.6358,1.3808,1.8635,1.5961,1.8736,1.8205,1.4221,1.3389,2.0301,1.8314,1.9498,2.0617,1.301,1.5754,1.7274,2.016,2.5308,2.1276,1.3586,2.28,1.6174,1.7936,2.3392,1.301,2.1004,2.8125,2.4222,1.6282,1.5564,2.7111,2.3815,2.7099,1.9847,1.301,2.0207,1.5874,1.4529,2.592,1.3821,1.301,1.301,2.2209,1.667,2.0027,2.5504,1.4454,1.6448,2.2571,1.301,1.3875,1.35,1.8856,1.301,2.2128,1.6663,1.301,2.6776,1.407,1.8034,2.1536,2.034,1.8148,2.0622,3.3131,1.6902,2.2786,1.4731,2.0346,2.0179,2.1738,2.1396,2.1514,2.0682,2.0638,2.9509,1.5032,1.301,2.8624,1.7894,1.4703,1.594,1.301,1.6355,1.7181,2.577,1.8595,1.5394,1.9277,1.6716,1.301,2.2671,2.7868,2.9644,1.301,1.7343,2.0032,1.839,1.7496,1.8786,1.301,1.8842,2.54,2.0989,1.5528,2.032
NC-GBM,2.2382,2.1789,2.6824,2.2035,2.243,1.692,1.7677,1.3506,2.0524,2.0752,1.5669,2.2484,2.2416,1.9263,1.9102,1.301,1.804,2.106,1.301,1.694,1.5884,1.5891,2.3497,2.542,1.7656,1.8226,1.7239,1.3303,2.0507,1.6516,2.3276,2.0105,1.3593,1.6603,1.301,1.4334,1.9694,1.8696,1.301,1.5144,1.7483,2.2272,2.2447,1.9468,1.301,2.331,1.301,1.7173,2.2793,1.301,2.1056,2.8679,2.2868,1.722,1.4298,2.4988,2.4556,2.6764,1.6167,1.301,1.9867,1.4205,1.7276,2.5918,1.3517,1.301,1.4343,2.077,1.8898,2.1311,2.5006,1.7206,1.6505,2.3029,2.052,1.554,1.301,1.7882,1.301,2.0261,1.747,1.301,2.7188,1.301,1.5099,2.0727,1.8335,2.1262,2.0261,3.321,1.7206,2.2708,1.6925,1.7698,2.1081,2.397,2.0799,2.3755,1.9275,2.0526,3.0127,2.1678,1.301,2.7851,1.5966,1.301,1.5735,1.4815,1.5343,1.763,2.1311,2.1273,1.3303,1.8989,1.4316,1.301,2.0027,2.7145,3.0397,1.301,2.0632,1.9426,1.787,1.5307,1.9546,1.301,1.9993,2.497,2.0447,2.0456,2.0339
NC-GBM,1.9946,1.671,2.9199,2.3812,2.2949,1.8238,1.9068,1.3972,1.7264,1.8871,2.0421,1.835,1.9327,1.487,1.5695,1.301,1.5171,1.501,1.301,2.031,1.8356,1.6514,2.1208,1.9467,2.2861,1.8092,1.5668,1.301,2.0199,1.301,1.6654,2.004,1.304,1.6438,2.1737,1.79,1.8321,1.935,1.301,1.4027,1.7674,1.9336,2.739,1.5073,1.301,2.1226,1.5048,1.8241,2.2863,1.301,2.055,2.8017,2.2225,1.7954,1.3931,2.2136,2.2869,2.6195,1.6388,1.301,1.8376,1.4051,1.6416,2.3434,1.428,1.301,1.5796,2.1833,1.6296,1.9455,2.4114,1.301,1.301,1.9858,1.3875,1.7185,1.6114,1.7671,1.8356,2.1636,1.6563,1.301,2.4366,1.301,2.0354,2.0428,1.8563,1.7798,1.8981,3.3538,1.6545,2.0843,1.4896,1.6474,1.9836,2.0164,1.8643,1.9729,2.0459,1.8948,2.838,1.6143,1.301,2.8406,1.5189,1.5581,1.736,1.6585,1.4595,1.301,2.7406,1.5652,1.302,1.671,1.4212,1.301,2.2433,2.7311,3.0055,1.301,1.5261,1.3271,1.7226,1.301,1.9115,1.301,1.884,2.3739,1.8777,1.301,2.0052
NC-GBM,2.1613,1.301,2.6138,3.0706,1.9734,1.9079,1.5848,1.622,1.9438,1.8747,2.2882,1.6869,1.8286,1.8012,2.0312,1.301,1.301,1.7973,1.301,1.9341,1.3186,1.7287,2.1169,2.2089,1.301,1.4145,1.3303,1.4423,1.5371,1.5312,1.7609,1.301,1.3807,1.5087,1.301,1.8967,1.9387,2.1768,1.301,1.7098,1.6681,1.6314,2.3702,1.6208,1.3929,1.941,1.9728,1.7933,1.9802,1.301,1.8271,2.5225,2.1575,1.9382,1.7127,2.2386,2.1162,2.4459,1.6184,1.301,1.8067,1.301,1.8286,2.1108,1.301,1.301,1.301,2.4204,1.3233,1.7165,2.4141,1.301,1.995,2.0362,1.301,1.9995,1.301,1.465,1.301,2.1853,1.301,1.4817,2.385,1.301,1.7343,2.163,1.9802,1.4314,1.4068,3.3017,1.6638,2.0213,1.8067,1.6529,1.8212,1.9567,1.8626,1.694,1.4441,1.7531,2.7403,1.3162,1.301,2.7073,1.88,1.6869,1.5963,1.4633,1.7893,1.4834,2.9655,1.301,1.5283,1.5822,1.3065,1.3326,2.0213,2.8224,3.0325,1.301,1.301,1.301,1.6659,1.301,1.8619,1.4029,2.264,2.298,1.8495,1.4751,2.0399
NC-GBM,2.0147,2.5074,2.7866,2.2717,2.2185,1.5059,1.4449,1.301,1.8981,1.9981,2.0567,1.301,1.7368,1.7567,2.0139,1.301,1.673,1.9382,1.301,1.7766,1.8057,1.4605,2.2294,2.2924,1.301,1.7379,1.584,1.301,1.8048,1.301,1.7338,1.8446,1.301,1.5051,1.3397,1.4172,1.867,2.003,1.301,1.5237,1.7784,1.9163,2.3371,1.6375,1.301,2.3273,1.7003,1.684,1.952,1.301,2.0462,2.5218,2.288,1.5947,1.4605,2.5898,2.2328,2.5559,1.5854,1.301,1.9663,1.3702,1.6343,2.4066,1.301,1.301,1.301,2.1402,1.5447,1.7816,2.3612,2.5457,1.6298,2.2799,1.7789,1.6432,1.635,1.7816,1.301,2.3409,1.7203,1.301,2.3801,1.301,1.6538,2.0315,1.9582,1.7286,1.6992,3.2998,1.692,2.0736,1.4883,1.301,2.0242,2.2492,2.1311,2.1685,1.9006,1.9126,2.9414,1.8346,1.301,2.8069,1.8272,1.7255,1.301,1.301,1.414,1.6324,2.6306,1.7803,1.3807,1.8317,1.4955,1.4419,2.1172,2.706,3.0138,1.301,1.7576,1.8074,1.7658,2.141,1.6388,1.301,1.8879,2.5464,2.4245,1.5471,1.8922
NC-GBM,1.8782,2.1,2.7405,2.4413,2.249,1.8378,1.7512,1.301,1.9045,1.9154,2.0989,2.1923,2.215,1.8516,2.1676,1.9076,1.3643,2.4965,1.301,1.5113,1.301,1.3457,2.1943,2.1586,1.4974,1.7796,1.301,1.301,1.741,1.669,1.7812,1.3981,1.301,1.4536,1.301,1.4001,1.7796,1.9287,1.6637,1.5602,1.7787,2.1454,2.0915,1.9866,1.301,2.1545,1.301,1.7151,2.3247,1.301,1.9585,2.6899,2.2787,1.8775,1.4757,2.7084,2.2727,2.7023,1.7142,1.301,1.9601,1.3567,1.4386,2.4102,1.301,1.301,1.301,2.1931,1.7771,1.9687,2.4565,1.3567,1.8526,2.0955,1.9169,1.444,1.301,1.8035,1.301,2.2364,1.5768,1.5814,2.6152,1.301,1.3891,2.0853,1.3086,1.745,1.8769,3.2988,1.4846,2.1671,1.6174,1.736,2.1524,2.0929,2.0393,2.3773,2.0602,1.898,2.9576,1.6572,1.9127,2.8372,1.815,1.632,1.6144,1.301,1.5622,1.6053,3.2694,1.8085,1.301,1.8673,1.5788,1.301,2.1889,2.6959,3.061,1.5321,1.6632,1.821,1.7217,2.1862,2.0502,1.301,1.8798,2.4972,2.4345,2.7549,1.8729
NC-GBM,2.0341,1.301,2.7356,2.0326,2.4892,1.8862,1.9669,1.301,1.7855,2.0457,1.7145,1.5366,1.6901,1.5081,1.5867,1.301,1.8152,1.301,1.301,1.9751,2.0756,1.6396,2.2644,2.3134,1.7705,1.8257,1.5472,1.6713,1.7189,1.5215,1.5997,1.8544,1.3196,1.3475,2.2266,1.301,1.8257,1.9326,1.301,1.301,1.5849,2.1062,2.9777,1.8052,1.4905,2.0826,1.6157,1.5492,2.2071,1.301,2.1764,2.9369,2.3086,1.7109,1.4365,2.0987,2.3996,2.7143,1.7953,1.301,1.9874,1.5511,1.301,2.4523,1.444,1.301,1.301,2.1596,1.5764,1.781,2.356,1.301,1.6066,2.1272,1.6639,1.7009,1.5081,1.8433,1.3805,2.3909,1.5677,1.3015,2.6735,1.301,1.6644,2.1358,1.7993,1.7264,2.006,3.3893,1.6289,2.2259,1.6439,1.5861,2.067,2.0943,2.0479,1.9696,2.0215,2.0584,2.8549,1.3984,1.301,3.0065,1.9444,1.6316,1.8012,1.301,1.324,1.301,2.7005,1.8768,1.4121,1.9343,1.5683,1.301,2.1537,2.743,2.9024,1.301,1.8678,1.4305,1.7779,1.301,1.8746,1.3757,1.9459,2.5391,1.6511,1.301,1.989
NC-GBM,2.0244,1.4943,2.8395,2.0642,2.5509,1.9319,1.9845,1.301,1.6816,2.1093,1.7285,1.6048,1.6725,1.7089,1.806,1.301,1.6588,1.7995,1.3611,1.6422,1.301,1.804,2.112,2.4369,2.0155,1.8114,1.386,1.6491,1.301,1.4829,1.6683,1.8822,1.3639,1.4287,2.2545,1.3387,2.0044,1.9674,1.301,1.5888,1.6481,2.1998,2.6676,2.1243,1.301,2.1389,1.7051,1.7977,2.3812,1.301,2.2341,2.8574,2.457,1.8685,1.3436,2.4385,2.3936,2.626,1.6924,1.301,1.9555,1.5944,1.301,2.6614,1.5227,1.3495,1.3788,2.2161,1.8519,2.1226,2.5504,1.301,1.3285,2.0263,1.5871,1.5273,1.4463,1.6229,1.301,2.0318,1.5994,1.301,2.7715,1.301,1.8009,2.1885,1.9956,1.6442,2.0676,3.3339,1.6715,2.2206,1.5201,1.8538,2.1878,2.1131,2.135,2.2513,2.3632,2.0026,2.9634,1.737,1.301,2.8074,1.5894,1.301,2.0946,1.6037,1.4368,1.5786,2.6187,1.8194,1.8583,1.9562,1.4384,1.3554,2.3318,2.78,2.9548,1.301,1.6757,1.8646,1.946,1.4691,1.976,1.3486,1.795,2.4732,2.0011,2.3632,2.023
NC-GBM,2.105,1.9621,2.6171,2.0959,2.4308,1.8142,1.7883,1.5559,1.7416,1.9912,1.8867,1.6869,1.6707,2.1097,1.4879,1.301,1.5453,2.1091,1.301,1.8785,1.8171,1.5388,1.9186,2.3011,2.3626,1.82,1.5575,1.3068,2.3401,1.5361,2.372,1.7487,1.301,1.5517,1.3989,1.3133,1.9181,1.9871,1.301,1.8714,1.9016,2.0865,2.2596,1.9327,1.301,2.2533,1.597,1.6845,2.4858,1.301,1.7202,2.6903,2.2395,1.8069,1.4364,2.5938,2.175,2.4658,1.8656,1.301,1.9375,1.4619,1.4108,2.4904,1.5024,1.301,1.6153,2.1531,1.7315,2.0248,2.5776,1.3578,1.6065,2.4056,1.4378,1.7685,1.301,1.7308,1.5601,2.29,1.6402,1.5261,2.5705,1.301,2.0519,2.0366,1.9377,1.8455,1.9021,3.2464,1.761,2.1544,1.5627,1.6908,2.0404,2.2432,2.0156,2.3067,2.0517,2.0352,3.0438,1.8022,1.301,2.8203,1.3913,1.5538,1.301,1.8387,2.163,1.8942,3.0688,1.5294,1.4854,1.8075,1.5024,1.8852,1.9033,2.6782,3.0053,1.301,1.5538,1.9222,1.7133,1.301,1.7059,1.301,1.8612,2.4263,2.1527,1.7074,2.0276
NC-GBM,2.0316,2.3884,2.6429,2.7344,1.7799,1.862,1.9216,1.4606,1.692,1.8127,1.9643,1.7521,1.954,1.5614,1.301,1.301,1.3117,2.1857,1.301,2.3845,1.537,1.7332,2.0425,1.9289,1.301,1.7272,1.301,1.301,1.8354,1.7628,1.7079,1.8689,1.3814,1.9254,1.301,2.0296,1.9982,2.1301,1.4061,1.7252,1.486,1.301,2.0438,1.301,1.4741,1.9003,1.301,1.7553,2.0169,1.301,1.301,2.2847,2.0007,1.8083,1.6854,2.5591,2.1028,2.4642,1.301,1.301,1.5484,1.301,1.4401,1.9627,1.3255,1.301,1.301,2.3677,1.4466,1.624,2.3558,1.4295,1.8693,2.0117,1.301,1.7007,1.8259,1.4825,1.301,2.2414,1.5504,1.8253,2.3861,1.301,1.7135,2.0755,1.9797,1.301,1.6257,3.2553,1.7079,2.0898,1.6109,1.301,1.7572,1.9544,1.852,1.6522,1.5134,1.5463,2.6743,1.301,1.301,2.585,1.5703,1.301,1.3873,1.301,1.7029,1.3373,2.7188,1.6083,1.6029,1.4884,1.4953,1.7628,1.7444,2.812,3.1987,1.301,1.301,1.5044,1.4349,1.301,1.8794,1.301,1.958,2.3853,1.8499,2.0857,1.592
NC-GBM,1.9373,1.8262,2.6976,2.7871,1.9367,1.8647,1.6941,1.3664,1.7507,1.9529,2.0903,1.8183,1.9855,1.3602,1.4774,1.301,1.4091,1.6519,1.301,1.6998,1.5682,1.8269,2.0212,2.1546,1.301,1.7885,1.301,1.301,2.0203,1.7174,1.8339,1.711,1.4742,1.9273,1.301,1.9334,1.9351,2.0367,1.301,1.5137,1.6015,1.5223,2.5438,1.7736,1.301,2.0625,1.301,1.8169,2.2687,1.301,1.5093,2.5633,2.2378,1.9502,1.6335,2.3834,2.0257,2.3914,1.4547,1.301,1.6313,1.301,1.8996,2.2547,1.6189,1.301,1.301,2.2118,1.5695,1.8037,2.4358,1.301,2.0798,1.8014,1.7473,1.899,1.301,1.7784,1.301,1.8844,1.605,1.7607,2.3824,1.301,1.73,2.0419,1.6368,1.7931,1.6476,3.4165,1.7174,1.9061,1.8887,1.301,1.7954,2.1609,1.9845,2.1154,1.8731,1.4805,2.7272,1.7744,1.301,2.3791,1.6121,1.301,1.4016,1.301,1.6815,1.42,2.7666,1.655,1.5049,1.6613,1.301,1.6825,1.934,2.6811,3.086,1.301,1.5472,1.7008,1.6815,1.301,1.8205,1.301,2.1106,2.0754,1.982,2.3826,1.7165
NC-GBM,1.809,1.5647,2.8567,2.8561,1.8966,1.9391,1.8035,1.4634,2.0239,1.901,2.1515,1.822,1.8673,1.412,1.301,1.7464,1.6618,2.1863,1.301,1.4521,1.301,1.4841,1.8914,1.9521,1.4684,1.6095,1.6327,1.301,1.6713,1.5789,3.3874,1.5796,1.3639,1.7749,1.301,2.2435,2.0337,2.1715,1.4142,1.826,1.5896,1.7583,1.8868,1.3471,1.301,1.5742,1.317,1.7956,2.1224,1.301,1.5341,2.4149,2.184,2.0842,1.7846,2.6129,2.2342,2.5123,2.0902,1.301,1.6805,1.301,1.5607,2.2769,1.3085,1.301,1.301,2.322,1.4276,1.6508,2.5507,1.4062,1.4624,1.6167,1.301,1.8325,1.7837,1.6914,1.301,2.3721,1.5323,1.5804,2.5176,1.301,1.4363,2.0835,1.8368,1.8368,1.717,3.1879,2.0825,1.9448,1.7856,1.5566,1.7259,2.1322,2.1077,2.1157,1.6694,1.8966,2.9537,1.301,1.301,2.9495,1.709,1.301,1.301,1.301,1.6762,1.7764,2.9077,1.4879,1.301,1.6762,1.6618,2.7249,1.8962,2.8356,3.1474,1.301,1.301,1.5978,1.4714,1.4142,2.018,1.301,1.9337,2.2908,1.7181,2.2268,1.6388
NC-GBM,1.9011,2.5079,2.4186,2.5925,2.027,1.8593,1.7516,1.3922,1.7151,1.6895,2.1381,1.8088,1.8662,1.301,1.301,1.301,1.301,1.9131,1.301,1.7508,1.4415,1.9153,1.8201,1.8509,2.0205,1.5836,1.3613,1.301,3.0131,1.646,1.6933,2.0498,1.4432,1.6563,1.301,1.3732,1.818,1.9728,1.301,1.6838,1.6563,1.5639,1.9781,1.3732,1.301,1.9654,1.707,1.5954,2.1713,1.301,1.5005,2.5911,2.0103,1.6408,1.3613,2.6266,2.3122,2.6918,1.4348,1.301,1.5162,1.301,1.9225,1.9285,1.301,1.301,1.3193,2.2408,1.3512,1.5162,2.4981,1.6923,1.5063,1.8656,1.4398,1.4843,1.5966,1.512,1.4888,2.16,1.301,1.7061,2.2015,1.301,1.345,2.0456,1.9455,1.4578,1.7524,3.3503,1.7644,1.7905,1.4736,1.301,1.7115,2.0205,1.8964,1.7905,1.5499,1.4674,2.808,1.3633,1.301,2.5137,1.4158,1.4594,1.4314,1.3237,1.4797,1.301,2.7663,1.6752,1.4331,1.5739,1.519,1.3828,1.6024,2.8106,3.2453,1.301,1.301,1.301,1.4594,1.301,1.8045,1.301,2.0571,2.3458,1.9584,1.7425,1.6923
NC-GBM,1.99,2.2936,2.8273,2.2419,2.2823,1.8385,1.8049,1.3918,1.982,2.1485,2.0431,2.018,2.0647,2.1248,2.3603,1.301,1.5638,2.4052,1.301,1.8166,1.301,1.301,2.1445,2.2518,1.301,1.5731,1.4918,1.301,1.8042,1.508,2.04,1.6686,1.353,1.6425,1.301,1.4144,2.1036,2.0572,1.7978,1.8032,1.8135,1.9338,2.165,1.5933,1.3036,2.2078,1.9569,1.7642,2.228,1.301,1.6774,2.4323,2.3331,1.7845,1.5336,2.711,2.3363,2.5623,1.8823,1.301,1.9194,1.4837,2.0391,2.4398,1.301,1.301,1.5984,2.1901,1.6289,1.8173,2.4207,1.301,1.4084,2.1874,1.5151,1.71,1.302,1.5544,1.301,2.3258,1.5127,1.301,2.4327,1.3692,1.5976,1.9627,1.9566,1.4703,1.7807,3.2643,1.8716,2.2379,1.5263,1.9213,2.0442,2.2575,2.1267,2.1662,1.9932,2.0106,2.9247,1.8939,1.301,2.7992,1.836,1.7378,1.539,1.6807,1.5681,1.9873,2.6393,1.5175,1.3224,1.6336,1.5108,1.7353,2.0502,2.8261,3.0644,1.301,1.3433,1.9436,1.7943,1.8666,1.8104,1.301,1.8522,2.526,2.4562,2.6063,1.9941